Fri 04 Nov 2022 22:42:09.424 +0000, e5:1f:09:7d:e3:c7, -40, 36.76, 24.64, 4.133, 0
Fri 04 Nov 2022 22:42:09.637 +0000, e5:1f:09:7d:e3:c7, -49, 36.76, 24.64, 4.133, 0
Fri 04 Nov 2022 22:42:10.046 +0000, e5:1f:09:7d:e3:c7, -41, 36.76, 24.64, 4.133, 0
Fri 04 Nov 2022 22:42:10.253 +0000, e5:1f:09:7d:e3:c7, -35, 36.76, 24.64, 4.133, 0
Fri 04 Nov 2022 22:42:10.470 +0000, e5:1f:09:7d:e3:c7, -41, 36.76, 24.64, 4.133, 0
Fri 04 Nov 2022 22:42:19.522 +0000, e5:1f:09:7d:e3:c7, -40, 36.54, 24.64, 4.135, 1
Fri 04 Nov 2022 22:42:19.729 +0000, e5:1f:09:7d:e3:c7, -40, 36.54, 24.64, 4.135, 1
Fri 04 Nov 2022 22:42:20.037 +0000, e5:1f:09:7d:e3:c7, -42, 36.54, 24.64, 4.135, 1
Fri 04 Nov 2022 22:42:20.251 +0000, e5:1f:09:7d:e3:c7, -37, 36.54, 24.64, 4.135, 1
Fri 04 Nov 2022 22:42:20.568 +0000, e5:1f:09:7d:e3:c7, -40, 36.54, 24.64, 4.135, 1
Fri 04 Nov 2022 22:42:20.983 +0000, e5:1f:09:7d:e3:c7, -48, 36.54, 24.64, 4.135, 1
Fri 04 Nov 2022 22:42:21.087 +0000, e5:1f:09:7d:e3:c7, -42, 36.54, 24.64, 4.135, 1
Fri 04 Nov 2022 22:42:29.619 +0000, e5:1f:09:7d:e3:c7, -45, 37.89, 24.71, 4.147, 2
Fri 04 Nov 2022 22:42:29.718 +0000, e5:1f:09:7d:e3:c7, -36, 37.89, 24.71, 4.147, 2
Fri 04 Nov 2022 22:42:30.662 +0000, e5:1f:09:7d:e3:c7, -41, 37.89, 24.71, 4.147, 2
Fri 04 Nov 2022 22:42:31.187 +0000, e5:1f:09:7d:e3:c7, -40, 37.89, 24.71, 4.147, 2
Fri 04 Nov 2022 22:42:39.717 +0000, e5:1f:09:7d:e3:c7, -42, 37.77, 24.77, 4.151, 3
Fri 04 Nov 2022 22:42:39.824 +0000, e5:1f:09:7d:e3:c7, -45, 37.77, 24.77, 4.151, 3
Fri 04 Nov 2022 22:42:39.927 +0000, e5:1f:09:7d:e3:c7, -36, 37.77, 24.77, 4.151, 3
Fri 04 Nov 2022 22:42:40.348 +0000, e5:1f:09:7d:e3:c7, -42, 37.77, 24.77, 4.151, 3
Fri 04 Nov 2022 22:42:40.772 +0000, e5:1f:09:7d:e3:c7, -43, 37.77, 24.77, 4.151, 3
Fri 04 Nov 2022 22:42:40.874 +0000, e5:1f:09:7d:e3:c7, -45, 37.77, 24.77, 4.151, 3
Fri 04 Nov 2022 22:42:40.981 +0000, e5:1f:09:7d:e3:c7, -44, 37.77, 24.77, 4.151, 3
Fri 04 Nov 2022 22:42:41.293 +0000, e5:1f:09:7d:e3:c7, -48, 37.77, 24.77, 4.151, 3
Fri 04 Nov 2022 22:42:41.397 +0000, e5:1f:09:7d:e3:c7, -42, 37.77, 24.77, 4.151, 3
Fri 04 Nov 2022 22:42:50.957 +0000, e5:1f:09:7d:e3:c7, -42, 36.63, 24.80, 4.148, 4
Fri 04 Nov 2022 22:42:51.486 +0000, e5:1f:09:7d:e3:c7, -46, 36.63, 24.80, 4.148, 4
Fri 04 Nov 2022 22:42:51.592 +0000, e5:1f:09:7d:e3:c7, -36, 36.63, 24.80, 4.148, 4
Fri 04 Nov 2022 22:43:00.854 +0000, e5:1f:09:7d:e3:c7, -36, 36.52, 24.84, 4.144, 5
Fri 04 Nov 2022 22:43:00.959 +0000, e5:1f:09:7d:e3:c7, -40, 36.52, 24.84, 4.144, 5
Fri 04 Nov 2022 22:43:01.169 +0000, e5:1f:09:7d:e3:c7, -40, 36.52, 24.84, 4.144, 5
Fri 04 Nov 2022 22:43:01.593 +0000, e5:1f:09:7d:e3:c7, -40, 36.52, 24.84, 4.144, 5
Fri 04 Nov 2022 22:43:01.696 +0000, e5:1f:09:7d:e3:c7, -33, 36.52, 24.84, 4.144, 5
Fri 04 Nov 2022 22:43:10.004 +0000, e5:1f:09:7d:e3:c7, -43, 36.38, 24.86, 4.146, 6
Fri 04 Nov 2022 22:43:10.110 +0000, e5:1f:09:7d:e3:c7, -41, 36.38, 24.86, 4.146, 6
Fri 04 Nov 2022 22:43:10.214 +0000, e5:1f:09:7d:e3:c7, -44, 36.38, 24.86, 4.146, 6
Fri 04 Nov 2022 22:43:10.324 +0000, e5:1f:09:7d:e3:c7, -37, 36.38, 24.86, 4.146, 6
Fri 04 Nov 2022 22:43:10.531 +0000, e5:1f:09:7d:e3:c7, -36, 36.38, 24.86, 4.146, 6
Fri 04 Nov 2022 22:43:10.737 +0000, e5:1f:09:7d:e3:c7, -41, 36.38, 24.86, 4.146, 6
Fri 04 Nov 2022 22:43:10.949 +0000, e5:1f:09:7d:e3:c7, -41, 36.38, 24.86, 4.146, 6
Fri 04 Nov 2022 22:43:11.057 +0000, e5:1f:09:7d:e3:c7, -45, 36.38, 24.86, 4.146, 6
Fri 04 Nov 2022 22:43:11.259 +0000, e5:1f:09:7d:e3:c7, -44, 36.38, 24.86, 4.146, 6
Fri 04 Nov 2022 22:43:11.469 +0000, e5:1f:09:7d:e3:c7, -45, 36.38, 24.86, 4.146, 6
Fri 04 Nov 2022 22:43:20.199 +0000, e5:1f:09:7d:e3:c7, -41, 36.29, 24.88, 4.146, 7
Fri 04 Nov 2022 22:43:21.367 +0000, e5:1f:09:7d:e3:c7, -39, 36.29, 24.88, 4.146, 7
Fri 04 Nov 2022 22:43:21.470 +0000, e5:1f:09:7d:e3:c7, -41, 36.29, 24.88, 4.146, 7
Fri 04 Nov 2022 22:43:21.577 +0000, e5:1f:09:7d:e3:c7, -45, 36.29, 24.88, 4.146, 7
Fri 04 Nov 2022 22:43:21.888 +0000, e5:1f:09:7d:e3:c7, -40, 36.29, 24.88, 4.146, 7
Fri 04 Nov 2022 22:43:30.510 +0000, e5:1f:09:7d:e3:c7, -43, 36.47, 24.91, 4.139, 8
Fri 04 Nov 2022 22:43:30.828 +0000, e5:1f:09:7d:e3:c7, -41, 36.47, 24.91, 4.139, 8
Fri 04 Nov 2022 22:43:31.146 +0000, e5:1f:09:7d:e3:c7, -43, 36.47, 24.91, 4.139, 8
Fri 04 Nov 2022 22:43:31.470 +0000, e5:1f:09:7d:e3:c7, -40, 36.47, 24.91, 4.139, 8
Fri 04 Nov 2022 22:43:31.565 +0000, e5:1f:09:7d:e3:c7, -42, 36.47, 24.91, 4.139, 8
Fri 04 Nov 2022 22:43:31.987 +0000, e5:1f:09:7d:e3:c7, -46, 36.47, 24.91, 4.139, 8
Fri 04 Nov 2022 22:43:32.101 +0000, e5:1f:09:7d:e3:c7, -35, 36.47, 24.91, 4.139, 8
Fri 04 Nov 2022 22:43:40.290 +0000, e5:1f:09:7d:e3:c7, -42, 36.44, 24.94, 4.144, 9
Fri 04 Nov 2022 22:43:40.593 +0000, e5:1f:09:7d:e3:c7, -36, 36.44, 24.94, 4.144, 9
Fri 04 Nov 2022 22:43:41.532 +0000, e5:1f:09:7d:e3:c7, -43, 36.44, 24.94, 4.144, 9
Fri 04 Nov 2022 22:43:41.635 +0000, e5:1f:09:7d:e3:c7, -39, 36.44, 24.94, 4.144, 9
Fri 04 Nov 2022 22:43:41.847 +0000, e5:1f:09:7d:e3:c7, -42, 36.44, 24.94, 4.144, 9
Fri 04 Nov 2022 22:43:42.055 +0000, e5:1f:09:7d:e3:c7, -41, 36.44, 24.94, 4.144, 9
Fri 04 Nov 2022 22:43:42.264 +0000, e5:1f:09:7d:e3:c7, -40, 36.44, 24.94, 4.144, 9
Fri 04 Nov 2022 22:43:50.693 +0000, e5:1f:09:7d:e3:c7, -40, 36.26, 24.96, 4.134, 10
Fri 04 Nov 2022 22:43:50.795 +0000, e5:1f:09:7d:e3:c7, -43, 36.26, 24.96, 4.134, 10
Fri 04 Nov 2022 22:43:51.008 +0000, e5:1f:09:7d:e3:c7, -51, 36.26, 24.96, 4.134, 10
Fri 04 Nov 2022 22:43:51.110 +0000, e5:1f:09:7d:e3:c7, -42, 36.26, 24.96, 4.134, 10
Fri 04 Nov 2022 22:43:51.215 +0000, e5:1f:09:7d:e3:c7, -47, 36.26, 24.96, 4.134, 10
Fri 04 Nov 2022 22:43:51.323 +0000, e5:1f:09:7d:e3:c7, -37, 36.26, 24.96, 4.134, 10
Fri 04 Nov 2022 22:43:51.529 +0000, e5:1f:09:7d:e3:c7, -42, 36.26, 24.96, 4.134, 10
Fri 04 Nov 2022 22:43:51.850 +0000, e5:1f:09:7d:e3:c7, -46, 36.26, 24.96, 4.134, 10
Fri 04 Nov 2022 22:43:52.059 +0000, e5:1f:09:7d:e3:c7, -44, 36.26, 24.96, 4.134, 10
Fri 04 Nov 2022 22:44:00.590 +0000, e5:1f:09:7d:e3:c7, -36, 36.07, 25.00, 4.153, 11
Fri 04 Nov 2022 22:44:00.802 +0000, e5:1f:09:7d:e3:c7, -41, 36.07, 25.00, 4.153, 11
Fri 04 Nov 2022 22:44:01.023 +0000, e5:1f:09:7d:e3:c7, -50, 36.07, 25.00, 4.153, 11
Fri 04 Nov 2022 22:44:01.434 +0000, e5:1f:09:7d:e3:c7, -44, 36.07, 25.00, 4.153, 11
Fri 04 Nov 2022 22:44:01.543 +0000, e5:1f:09:7d:e3:c7, -46, 36.07, 25.00, 4.153, 11
Fri 04 Nov 2022 22:44:01.750 +0000, e5:1f:09:7d:e3:c7, -44, 36.07, 25.00, 4.153, 11
Fri 04 Nov 2022 22:44:02.064 +0000, e5:1f:09:7d:e3:c7, -42, 36.07, 25.00, 4.153, 11
Fri 04 Nov 2022 22:44:10.790 +0000, e5:1f:09:7d:e3:c7, -38, 36.14, 25.01, 4.145, 12
Fri 04 Nov 2022 22:44:10.895 +0000, e5:1f:09:7d:e3:c7, -47, 36.14, 25.01, 4.145, 12
Fri 04 Nov 2022 22:44:11.003 +0000, e5:1f:09:7d:e3:c7, -44, 36.14, 25.01, 4.145, 12
Fri 04 Nov 2022 22:44:11.111 +0000, e5:1f:09:7d:e3:c7, -44, 36.14, 25.01, 4.145, 12
Fri 04 Nov 2022 22:44:11.314 +0000, e5:1f:09:7d:e3:c7, -46, 36.14, 25.01, 4.145, 12
Fri 04 Nov 2022 22:44:11.419 +0000, e5:1f:09:7d:e3:c7, -43, 36.14, 25.01, 4.145, 12
Fri 04 Nov 2022 22:44:11.946 +0000, e5:1f:09:7d:e3:c7, -52, 36.14, 25.01, 4.145, 12
Fri 04 Nov 2022 22:44:20.676 +0000, e5:1f:09:7d:e3:c7, -49, 36.05, 25.04, 4.131, 13
Fri 04 Nov 2022 22:44:21.410 +0000, e5:1f:09:7d:e3:c7, -43, 36.05, 25.04, 4.131, 13
Fri 04 Nov 2022 22:44:21.732 +0000, e5:1f:09:7d:e3:c7, -45, 36.05, 25.04, 4.131, 13
Fri 04 Nov 2022 22:44:21.833 +0000, e5:1f:09:7d:e3:c7, -46, 36.05, 25.04, 4.131, 13
Fri 04 Nov 2022 22:44:22.154 +0000, e5:1f:09:7d:e3:c7, -47, 36.05, 25.04, 4.131, 13
Fri 04 Nov 2022 22:44:22.255 +0000, e5:1f:09:7d:e3:c7, -42, 36.05, 25.04, 4.131, 13
Fri 04 Nov 2022 22:44:22.459 +0000, e5:1f:09:7d:e3:c7, -44, 36.05, 25.04, 4.131, 13
Fri 04 Nov 2022 22:44:30.983 +0000, e5:1f:09:7d:e3:c7, -43, 35.50, 25.08, 4.152, 14
Fri 04 Nov 2022 22:44:31.639 +0000, e5:1f:09:7d:e3:c7, -51, 35.50, 25.08, 4.152, 14
Fri 04 Nov 2022 22:44:31.939 +0000, e5:1f:09:7d:e3:c7, -47, 35.50, 25.08, 4.152, 14
Fri 04 Nov 2022 22:44:41.076 +0000, e5:1f:09:7d:e3:c7, -55, 35.27, 25.05, 4.153, 15
Fri 04 Nov 2022 22:44:41.696 +0000, e5:1f:09:7d:e3:c7, -48, 35.27, 25.05, 4.153, 15
Fri 04 Nov 2022 22:44:41.799 +0000, e5:1f:09:7d:e3:c7, -48, 35.27, 25.05, 4.153, 15
Fri 04 Nov 2022 22:44:42.020 +0000, e5:1f:09:7d:e3:c7, -48, 35.27, 25.05, 4.153, 15
Fri 04 Nov 2022 22:44:42.231 +0000, e5:1f:09:7d:e3:c7, -46, 35.27, 25.05, 4.153, 15
Fri 04 Nov 2022 22:44:42.341 +0000, e5:1f:09:7d:e3:c7, -46, 35.27, 25.05, 4.153, 15
Fri 04 Nov 2022 22:44:42.660 +0000, e5:1f:09:7d:e3:c7, -55, 35.27, 25.05, 4.153, 15
Fri 04 Nov 2022 22:44:51.583 +0000, e5:1f:09:7d:e3:c7, -46, 34.89, 25.10, 4.141, 16
Fri 04 Nov 2022 22:44:51.791 +0000, e5:1f:09:7d:e3:c7, -48, 34.89, 25.10, 4.141, 16
Fri 04 Nov 2022 22:44:51.892 +0000, e5:1f:09:7d:e3:c7, -46, 34.89, 25.10, 4.141, 16
Fri 04 Nov 2022 22:44:52.412 +0000, e5:1f:09:7d:e3:c7, -52, 34.89, 25.10, 4.141, 16
Fri 04 Nov 2022 22:44:52.616 +0000, e5:1f:09:7d:e3:c7, -45, 34.89, 25.10, 4.141, 16
Fri 04 Nov 2022 22:44:52.721 +0000, e5:1f:09:7d:e3:c7, -49, 34.89, 25.10, 4.141, 16
Fri 04 Nov 2022 22:44:52.825 +0000, e5:1f:09:7d:e3:c7, -48, 34.89, 25.10, 4.141, 16
Fri 04 Nov 2022 22:45:01.165 +0000, e5:1f:09:7d:e3:c7, -46, 34.83, 25.07, 4.135, 17
Fri 04 Nov 2022 22:45:01.590 +0000, e5:1f:09:7d:e3:c7, -52, 34.83, 25.07, 4.135, 17
Fri 04 Nov 2022 22:45:02.020 +0000, e5:1f:09:7d:e3:c7, -46, 34.83, 25.07, 4.135, 17
Fri 04 Nov 2022 22:45:02.126 +0000, e5:1f:09:7d:e3:c7, -47, 34.83, 25.07, 4.135, 17
Fri 04 Nov 2022 22:45:02.331 +0000, e5:1f:09:7d:e3:c7, -47, 34.83, 25.07, 4.135, 17
Fri 04 Nov 2022 22:45:02.646 +0000, e5:1f:09:7d:e3:c7, -52, 34.83, 25.07, 4.135, 17
Fri 04 Nov 2022 22:45:11.257 +0000, e5:1f:09:7d:e3:c7, -53, 34.66, 25.07, 4.140, 18
Fri 04 Nov 2022 22:45:11.570 +0000, e5:1f:09:7d:e3:c7, -46, 34.66, 25.07, 4.140, 18
Fri 04 Nov 2022 22:45:11.673 +0000, e5:1f:09:7d:e3:c7, -52, 34.66, 25.07, 4.140, 18
Fri 04 Nov 2022 22:45:11.774 +0000, e5:1f:09:7d:e3:c7, -48, 34.66, 25.07, 4.140, 18
Fri 04 Nov 2022 22:45:12.093 +0000, e5:1f:09:7d:e3:c7, -52, 34.66, 25.07, 4.140, 18
Fri 04 Nov 2022 22:45:12.510 +0000, e5:1f:09:7d:e3:c7, -51, 34.66, 25.07, 4.140, 18
Fri 04 Nov 2022 22:45:12.714 +0000, e5:1f:09:7d:e3:c7, -47, 34.66, 25.07, 4.140, 18
Fri 04 Nov 2022 22:45:12.816 +0000, e5:1f:09:7d:e3:c7, -52, 34.66, 25.07, 4.140, 18
Fri 04 Nov 2022 22:45:12.920 +0000, e5:1f:09:7d:e3:c7, -45, 34.66, 25.07, 4.140, 18
Fri 04 Nov 2022 22:45:13.149 +0000, e5:1f:09:7d:e3:c7, -45, 34.66, 25.07, 4.140, 18
Fri 04 Nov 2022 22:45:21.359 +0000, e5:1f:09:7d:e3:c7, -49, 34.71, 25.04, 4.148, 19
Fri 04 Nov 2022 22:45:22.084 +0000, e5:1f:09:7d:e3:c7, -48, 34.71, 25.04, 4.148, 19
Fri 04 Nov 2022 22:45:22.187 +0000, e5:1f:09:7d:e3:c7, -48, 34.71, 25.04, 4.148, 19
Fri 04 Nov 2022 22:45:22.716 +0000, e5:1f:09:7d:e3:c7, -47, 34.71, 25.04, 4.148, 19
Fri 04 Nov 2022 22:45:22.942 +0000, e5:1f:09:7d:e3:c7, -48, 34.71, 25.04, 4.148, 19
Fri 04 Nov 2022 22:45:31.666 +0000, e5:1f:09:7d:e3:c7, -50, 34.70, 25.03, 4.144, 20
Fri 04 Nov 2022 22:45:32.075 +0000, e5:1f:09:7d:e3:c7, -50, 34.70, 25.03, 4.144, 20
Fri 04 Nov 2022 22:45:32.280 +0000, e5:1f:09:7d:e3:c7, -49, 34.70, 25.03, 4.144, 20
Fri 04 Nov 2022 22:45:32.591 +0000, e5:1f:09:7d:e3:c7, -50, 34.70, 25.03, 4.144, 20
Fri 04 Nov 2022 22:45:32.804 +0000, e5:1f:09:7d:e3:c7, -51, 34.70, 25.03, 4.144, 20
Fri 04 Nov 2022 22:45:32.909 +0000, e5:1f:09:7d:e3:c7, -43, 34.70, 25.03, 4.144, 20
Fri 04 Nov 2022 22:45:33.120 +0000, e5:1f:09:7d:e3:c7, -45, 34.70, 25.03, 4.144, 20
Fri 04 Nov 2022 22:45:41.443 +0000, e5:1f:09:7d:e3:c7, -49, 34.97, 25.03, 4.140, 21
Fri 04 Nov 2022 22:45:41.544 +0000, e5:1f:09:7d:e3:c7, -43, 34.97, 25.03, 4.140, 21
Fri 04 Nov 2022 22:45:41.960 +0000, e5:1f:09:7d:e3:c7, -44, 34.97, 25.03, 4.140, 21
Fri 04 Nov 2022 22:45:42.370 +0000, e5:1f:09:7d:e3:c7, -47, 34.97, 25.03, 4.140, 21
Fri 04 Nov 2022 22:45:42.687 +0000, e5:1f:09:7d:e3:c7, -39, 34.97, 25.03, 4.140, 21
Fri 04 Nov 2022 22:45:43.104 +0000, e5:1f:09:7d:e3:c7, -47, 34.97, 25.03, 4.140, 21
Fri 04 Nov 2022 22:45:43.210 +0000, e5:1f:09:7d:e3:c7, -47, 34.97, 25.03, 4.140, 21
Fri 04 Nov 2022 22:45:43.312 +0000, e5:1f:09:7d:e3:c7, -45, 34.97, 25.03, 4.140, 21
Fri 04 Nov 2022 22:45:52.162 +0000, e5:1f:09:7d:e3:c7, -44, 35.84, 25.04, 4.140, 22
Fri 04 Nov 2022 22:45:52.370 +0000, e5:1f:09:7d:e3:c7, -45, 35.84, 25.04, 4.140, 22
Fri 04 Nov 2022 22:45:52.687 +0000, e5:1f:09:7d:e3:c7, -48, 35.84, 25.04, 4.140, 22
Fri 04 Nov 2022 22:45:52.907 +0000, e5:1f:09:7d:e3:c7, -51, 35.84, 25.04, 4.140, 22
Fri 04 Nov 2022 22:46:02.166 +0000, e5:1f:09:7d:e3:c7, -50, 35.97, 25.03, 4.138, 23
Fri 04 Nov 2022 22:46:02.372 +0000, e5:1f:09:7d:e3:c7, -50, 35.97, 25.03, 4.138, 23
Fri 04 Nov 2022 22:46:02.992 +0000, e5:1f:09:7d:e3:c7, -46, 35.97, 25.03, 4.138, 23
Fri 04 Nov 2022 22:46:03.410 +0000, e5:1f:09:7d:e3:c7, -42, 35.97, 25.03, 4.138, 23
Fri 04 Nov 2022 22:46:11.837 +0000, e5:1f:09:7d:e3:c7, -48, 35.70, 25.01, 4.150, 24
Fri 04 Nov 2022 22:46:11.936 +0000, e5:1f:09:7d:e3:c7, -46, 35.70, 25.01, 4.150, 24
Fri 04 Nov 2022 22:46:12.141 +0000, e5:1f:09:7d:e3:c7, -44, 35.70, 25.01, 4.150, 24
Fri 04 Nov 2022 22:46:12.244 +0000, e5:1f:09:7d:e3:c7, -51, 35.70, 25.01, 4.150, 24
Fri 04 Nov 2022 22:46:12.879 +0000, e5:1f:09:7d:e3:c7, -50, 35.70, 25.01, 4.150, 24
Fri 04 Nov 2022 22:46:13.196 +0000, e5:1f:09:7d:e3:c7, -40, 35.70, 25.01, 4.150, 24
Fri 04 Nov 2022 22:46:13.304 +0000, e5:1f:09:7d:e3:c7, -46, 35.70, 25.01, 4.150, 24
Fri 04 Nov 2022 22:46:13.406 +0000, e5:1f:09:7d:e3:c7, -44, 35.70, 25.01, 4.150, 24
Fri 04 Nov 2022 22:46:21.831 +0000, e5:1f:09:7d:e3:c7, -42, 35.19, 24.98, 4.133, 25
Fri 04 Nov 2022 22:46:22.045 +0000, e5:1f:09:7d:e3:c7, -44, 35.19, 24.98, 4.133, 25
Fri 04 Nov 2022 22:46:22.155 +0000, e5:1f:09:7d:e3:c7, -46, 35.19, 24.98, 4.133, 25
Fri 04 Nov 2022 22:46:22.894 +0000, e5:1f:09:7d:e3:c7, -49, 35.19, 24.98, 4.133, 25
Fri 04 Nov 2022 22:46:23.204 +0000, e5:1f:09:7d:e3:c7, -47, 35.19, 24.98, 4.133, 25
Fri 04 Nov 2022 22:46:32.030 +0000, e5:1f:09:7d:e3:c7, -43, 34.91, 24.96, 4.146, 26
Fri 04 Nov 2022 22:46:32.336 +0000, e5:1f:09:7d:e3:c7, -45, 34.91, 24.96, 4.146, 26
Fri 04 Nov 2022 22:46:32.547 +0000, e5:1f:09:7d:e3:c7, -42, 34.91, 24.96, 4.146, 26
Fri 04 Nov 2022 22:46:32.657 +0000, e5:1f:09:7d:e3:c7, -46, 34.91, 24.96, 4.146, 26
Fri 04 Nov 2022 22:46:33.282 +0000, e5:1f:09:7d:e3:c7, -51, 34.91, 24.96, 4.146, 26
Fri 04 Nov 2022 22:46:33.804 +0000, e5:1f:09:7d:e3:c7, -39, 34.91, 24.96, 4.146, 26
Fri 04 Nov 2022 22:46:42.017 +0000, e5:1f:09:7d:e3:c7, -48, 35.46, 24.93, 4.143, 27
Fri 04 Nov 2022 22:46:42.122 +0000, e5:1f:09:7d:e3:c7, -52, 35.46, 24.93, 4.143, 27
Fri 04 Nov 2022 22:46:42.534 +0000, e5:1f:09:7d:e3:c7, -46, 35.46, 24.93, 4.143, 27
Fri 04 Nov 2022 22:46:42.642 +0000, e5:1f:09:7d:e3:c7, -47, 35.46, 24.93, 4.143, 27
Fri 04 Nov 2022 22:46:42.745 +0000, e5:1f:09:7d:e3:c7, -43, 35.46, 24.93, 4.143, 27
Fri 04 Nov 2022 22:46:43.476 +0000, e5:1f:09:7d:e3:c7, -52, 35.46, 24.93, 4.143, 27
Fri 04 Nov 2022 22:46:43.584 +0000, e5:1f:09:7d:e3:c7, -45, 35.46, 24.93, 4.143, 27
Fri 04 Nov 2022 22:46:52.113 +0000, e5:1f:09:7d:e3:c7, -51, 35.17, 24.94, 4.134, 28
Fri 04 Nov 2022 22:46:52.426 +0000, e5:1f:09:7d:e3:c7, -44, 35.17, 24.94, 4.134, 28
Fri 04 Nov 2022 22:46:52.852 +0000, e5:1f:09:7d:e3:c7, -44, 35.17, 24.94, 4.134, 28
Fri 04 Nov 2022 22:46:52.959 +0000, e5:1f:09:7d:e3:c7, -47, 35.17, 24.94, 4.134, 28
Fri 04 Nov 2022 22:46:53.286 +0000, e5:1f:09:7d:e3:c7, -51, 35.17, 24.94, 4.134, 28
Fri 04 Nov 2022 22:46:53.391 +0000, e5:1f:09:7d:e3:c7, -44, 35.17, 24.94, 4.134, 28
Fri 04 Nov 2022 22:46:53.811 +0000, e5:1f:09:7d:e3:c7, -44, 35.17, 24.94, 4.134, 28
Fri 04 Nov 2022 22:47:02.211 +0000, e5:1f:09:7d:e3:c7, -48, 34.91, 24.88, 4.131, 29
Fri 04 Nov 2022 22:47:02.423 +0000, e5:1f:09:7d:e3:c7, -46, 34.91, 24.88, 4.131, 29
Fri 04 Nov 2022 22:47:02.734 +0000, e5:1f:09:7d:e3:c7, -49, 34.91, 24.88, 4.131, 29
Fri 04 Nov 2022 22:47:02.846 +0000, e5:1f:09:7d:e3:c7, -46, 34.91, 24.88, 4.131, 29
Fri 04 Nov 2022 22:47:03.045 +0000, e5:1f:09:7d:e3:c7, -48, 34.91, 24.88, 4.131, 29
Fri 04 Nov 2022 22:47:03.563 +0000, e5:1f:09:7d:e3:c7, -43, 34.91, 24.88, 4.131, 29
Fri 04 Nov 2022 22:47:03.666 +0000, e5:1f:09:7d:e3:c7, -50, 34.91, 24.88, 4.131, 29
Fri 04 Nov 2022 22:47:03.765 +0000, e5:1f:09:7d:e3:c7, -49, 34.91, 24.88, 4.131, 29
Fri 04 Nov 2022 22:47:03.869 +0000, e5:1f:09:7d:e3:c7, -43, 34.91, 24.88, 4.131, 29
Fri 04 Nov 2022 22:47:12.421 +0000, e5:1f:09:7d:e3:c7, -48, 35.46, 24.87, 4.141, 30
Fri 04 Nov 2022 22:47:12.524 +0000, e5:1f:09:7d:e3:c7, -44, 35.46, 24.87, 4.141, 30
Fri 04 Nov 2022 22:47:12.630 +0000, e5:1f:09:7d:e3:c7, -46, 35.46, 24.87, 4.141, 30
Fri 04 Nov 2022 22:47:12.735 +0000, e5:1f:09:7d:e3:c7, -50, 35.46, 24.87, 4.141, 30
Fri 04 Nov 2022 22:47:12.836 +0000, e5:1f:09:7d:e3:c7, -44, 35.46, 24.87, 4.141, 30
Fri 04 Nov 2022 22:47:12.948 +0000, e5:1f:09:7d:e3:c7, -45, 35.46, 24.87, 4.141, 30
Fri 04 Nov 2022 22:47:13.256 +0000, e5:1f:09:7d:e3:c7, -45, 35.46, 24.87, 4.141, 30
Fri 04 Nov 2022 22:47:13.358 +0000, e5:1f:09:7d:e3:c7, -47, 35.46, 24.87, 4.141, 30
Fri 04 Nov 2022 22:47:13.786 +0000, e5:1f:09:7d:e3:c7, -45, 35.46, 24.87, 4.141, 30
Fri 04 Nov 2022 22:47:13.894 +0000, e5:1f:09:7d:e3:c7, -45, 35.46, 24.87, 4.141, 30
Fri 04 Nov 2022 22:47:22.402 +0000, e5:1f:09:7d:e3:c7, -48, 35.42, 24.86, 4.150, 31
Fri 04 Nov 2022 22:47:22.727 +0000, e5:1f:09:7d:e3:c7, -49, 35.42, 24.86, 4.150, 31
Fri 04 Nov 2022 22:47:22.834 +0000, e5:1f:09:7d:e3:c7, -47, 35.42, 24.86, 4.150, 31
Fri 04 Nov 2022 22:47:23.048 +0000, e5:1f:09:7d:e3:c7, -47, 35.42, 24.86, 4.150, 31
Fri 04 Nov 2022 22:47:23.154 +0000, e5:1f:09:7d:e3:c7, -46, 35.42, 24.86, 4.150, 31
Fri 04 Nov 2022 22:47:23.365 +0000, e5:1f:09:7d:e3:c7, -47, 35.42, 24.86, 4.150, 31
Fri 04 Nov 2022 22:47:23.472 +0000, e5:1f:09:7d:e3:c7, -47, 35.42, 24.86, 4.150, 31
Fri 04 Nov 2022 22:47:23.576 +0000, e5:1f:09:7d:e3:c7, -47, 35.42, 24.86, 4.150, 31
Fri 04 Nov 2022 22:47:23.893 +0000, e5:1f:09:7d:e3:c7, -55, 35.42, 24.86, 4.150, 31
Fri 04 Nov 2022 22:47:32.699 +0000, e5:1f:09:7d:e3:c7, -48, 36.55, 24.84, 4.134, 32
Fri 04 Nov 2022 22:47:32.915 +0000, e5:1f:09:7d:e3:c7, -69, 36.55, 24.84, 4.134, 32
Fri 04 Nov 2022 22:47:33.135 +0000, e5:1f:09:7d:e3:c7, -68, 36.55, 24.84, 4.134, 32
Fri 04 Nov 2022 22:47:33.239 +0000, e5:1f:09:7d:e3:c7, -47, 36.55, 24.84, 4.134, 32
Fri 04 Nov 2022 22:47:33.456 +0000, e5:1f:09:7d:e3:c7, -69, 36.55, 24.84, 4.134, 32
Fri 04 Nov 2022 22:47:33.563 +0000, e5:1f:09:7d:e3:c7, -45, 36.55, 24.84, 4.134, 32
Fri 04 Nov 2022 22:47:33.880 +0000, e5:1f:09:7d:e3:c7, -49, 36.55, 24.84, 4.134, 32
Fri 04 Nov 2022 22:47:33.978 +0000, e5:1f:09:7d:e3:c7, -52, 36.55, 24.84, 4.134, 32
Fri 04 Nov 2022 22:47:34.178 +0000, e5:1f:09:7d:e3:c7, -48, 36.55, 24.84, 4.134, 32
Fri 04 Nov 2022 22:47:42.906 +0000, e5:1f:09:7d:e3:c7, -48, 35.53, 24.84, 4.151, 33
Fri 04 Nov 2022 22:47:43.117 +0000, e5:1f:09:7d:e3:c7, -49, 35.53, 24.84, 4.151, 33
Fri 04 Nov 2022 22:47:44.162 +0000, e5:1f:09:7d:e3:c7, -43, 35.53, 24.84, 4.151, 33
Fri 04 Nov 2022 22:47:44.373 +0000, e5:1f:09:7d:e3:c7, -47, 35.53, 24.84, 4.151, 33
Fri 04 Nov 2022 22:47:52.799 +0000, e5:1f:09:7d:e3:c7, -46, 35.39, 24.83, 4.134, 34
Fri 04 Nov 2022 22:47:53.007 +0000, e5:1f:09:7d:e3:c7, -44, 35.39, 24.83, 4.134, 34
Fri 04 Nov 2022 22:47:53.115 +0000, e5:1f:09:7d:e3:c7, -44, 35.39, 24.83, 4.134, 34
Fri 04 Nov 2022 22:47:54.077 +0000, e5:1f:09:7d:e3:c7, -52, 35.39, 24.83, 4.134, 34
Fri 04 Nov 2022 22:48:03.222 +0000, e5:1f:09:7d:e3:c7, -52, 36.73, 24.84, 4.145, 35
Fri 04 Nov 2022 22:48:03.740 +0000, e5:1f:09:7d:e3:c7, -46, 36.73, 24.84, 4.145, 35
Fri 04 Nov 2022 22:48:04.055 +0000, e5:1f:09:7d:e3:c7, -47, 36.73, 24.84, 4.145, 35
Fri 04 Nov 2022 22:48:04.252 +0000, e5:1f:09:7d:e3:c7, -46, 36.73, 24.84, 4.145, 35
Fri 04 Nov 2022 22:48:04.360 +0000, e5:1f:09:7d:e3:c7, -50, 36.73, 24.84, 4.145, 35
Fri 04 Nov 2022 22:48:04.566 +0000, e5:1f:09:7d:e3:c7, -46, 36.73, 24.84, 4.145, 35
Fri 04 Nov 2022 22:48:13.305 +0000, e5:1f:09:7d:e3:c7, -50, 37.46, 24.81, 4.154, 36
Fri 04 Nov 2022 22:48:13.410 +0000, e5:1f:09:7d:e3:c7, -46, 37.46, 24.81, 4.154, 36
Fri 04 Nov 2022 22:48:14.790 +0000, e5:1f:09:7d:e3:c7, -47, 37.46, 24.81, 4.154, 36
Fri 04 Nov 2022 22:48:21.456 +0000, e5:1f:09:7d:e3:c7, -46, 37.08, 24.81, 4.148, 0
Fri 04 Nov 2022 22:48:21.663 +0000, e5:1f:09:7d:e3:c7, -44, 37.08, 24.81, 4.148, 0
Fri 04 Nov 2022 22:48:22.189 +0000, e5:1f:09:7d:e3:c7, -54, 37.08, 24.81, 4.148, 0
Fri 04 Nov 2022 22:48:22.291 +0000, e5:1f:09:7d:e3:c7, -44, 37.08, 24.81, 4.148, 0
Fri 04 Nov 2022 22:48:23.043 +0000, e5:1f:09:7d:e3:c7, -45, 37.08, 24.81, 4.148, 0
Fri 04 Nov 2022 22:48:31.875 +0000, e5:1f:09:7d:e3:c7, -51, 36.79, 24.87, 4.154, 1
Fri 04 Nov 2022 22:48:32.394 +0000, e5:1f:09:7d:e3:c7, -45, 36.79, 24.87, 4.154, 1
Fri 04 Nov 2022 22:48:32.608 +0000, e5:1f:09:7d:e3:c7, -46, 36.79, 24.87, 4.154, 1
Fri 04 Nov 2022 22:48:32.713 +0000, e5:1f:09:7d:e3:c7, -50, 36.79, 24.87, 4.154, 1
Fri 04 Nov 2022 22:48:32.830 +0000, e5:1f:09:7d:e3:c7, -46, 36.79, 24.87, 4.154, 1
Fri 04 Nov 2022 22:48:33.030 +0000, e5:1f:09:7d:e3:c7, -43, 36.79, 24.87, 4.154, 1
Fri 04 Nov 2022 22:48:41.448 +0000, e5:1f:09:7d:e3:c7, -48, 37.75, 24.84, 4.135, 2
Fri 04 Nov 2022 22:48:41.861 +0000, e5:1f:09:7d:e3:c7, -43, 37.75, 24.84, 4.135, 2
Fri 04 Nov 2022 22:48:41.969 +0000, e5:1f:09:7d:e3:c7, -45, 37.75, 24.84, 4.135, 2
Fri 04 Nov 2022 22:48:42.183 +0000, e5:1f:09:7d:e3:c7, -46, 37.75, 24.84, 4.135, 2
Fri 04 Nov 2022 22:48:42.808 +0000, e5:1f:09:7d:e3:c7, -47, 37.75, 24.84, 4.135, 2
Fri 04 Nov 2022 22:48:51.540 +0000, e5:1f:09:7d:e3:c7, -44, 38.00, 24.88, 4.140, 3
Fri 04 Nov 2022 22:48:51.750 +0000, e5:1f:09:7d:e3:c7, -44, 38.00, 24.88, 4.140, 3
Fri 04 Nov 2022 22:48:52.058 +0000, e5:1f:09:7d:e3:c7, -45, 38.00, 24.88, 4.140, 3
Fri 04 Nov 2022 22:48:52.485 +0000, e5:1f:09:7d:e3:c7, -51, 38.00, 24.88, 4.140, 3
Fri 04 Nov 2022 22:48:52.705 +0000, e5:1f:09:7d:e3:c7, -57, 38.00, 24.88, 4.140, 3
Fri 04 Nov 2022 22:48:53.019 +0000, e5:1f:09:7d:e3:c7, -44, 38.00, 24.88, 4.140, 3
Fri 04 Nov 2022 22:48:53.119 +0000, e5:1f:09:7d:e3:c7, -53, 38.00, 24.88, 4.140, 3
Fri 04 Nov 2022 22:48:53.226 +0000, e5:1f:09:7d:e3:c7, -46, 38.00, 24.88, 4.140, 3
Fri 04 Nov 2022 22:49:01.636 +0000, e5:1f:09:7d:e3:c7, -45, 37.49, 24.86, 4.150, 4
Fri 04 Nov 2022 22:49:01.847 +0000, e5:1f:09:7d:e3:c7, -44, 37.49, 24.86, 4.150, 4
Fri 04 Nov 2022 22:49:01.951 +0000, e5:1f:09:7d:e3:c7, -44, 37.49, 24.86, 4.150, 4
Fri 04 Nov 2022 22:49:02.369 +0000, e5:1f:09:7d:e3:c7, -44, 37.49, 24.86, 4.150, 4
Fri 04 Nov 2022 22:49:02.687 +0000, e5:1f:09:7d:e3:c7, -43, 37.49, 24.86, 4.150, 4
Fri 04 Nov 2022 22:49:03.009 +0000, e5:1f:09:7d:e3:c7, -52, 37.49, 24.86, 4.150, 4
Fri 04 Nov 2022 22:49:12.260 +0000, e5:1f:09:7d:e3:c7, -42, 37.37, 24.88, 4.145, 5
Fri 04 Nov 2022 22:49:12.575 +0000, e5:1f:09:7d:e3:c7, -48, 37.37, 24.88, 4.145, 5
Fri 04 Nov 2022 22:49:12.990 +0000, e5:1f:09:7d:e3:c7, -48, 37.37, 24.88, 4.145, 5
Fri 04 Nov 2022 22:49:13.196 +0000, e5:1f:09:7d:e3:c7, -50, 37.37, 24.88, 4.145, 5
Fri 04 Nov 2022 22:49:13.305 +0000, e5:1f:09:7d:e3:c7, -45, 37.37, 24.88, 4.145, 5
Fri 04 Nov 2022 22:49:13.519 +0000, e5:1f:09:7d:e3:c7, -49, 37.37, 24.88, 4.145, 5
Fri 04 Nov 2022 22:49:21.926 +0000, e5:1f:09:7d:e3:c7, -46, 37.39, 24.86, 4.133, 6
Fri 04 Nov 2022 22:49:22.358 +0000, e5:1f:09:7d:e3:c7, -47, 37.39, 24.86, 4.133, 6
Fri 04 Nov 2022 22:49:22.782 +0000, e5:1f:09:7d:e3:c7, -48, 37.39, 24.86, 4.133, 6
Fri 04 Nov 2022 22:49:23.106 +0000, e5:1f:09:7d:e3:c7, -51, 37.39, 24.86, 4.133, 6
Fri 04 Nov 2022 22:49:32.559 +0000, e5:1f:09:7d:e3:c7, -41, 36.80, 24.87, 4.135, 7
Fri 04 Nov 2022 22:49:32.667 +0000, e5:1f:09:7d:e3:c7, -44, 36.80, 24.87, 4.135, 7
Fri 04 Nov 2022 22:49:32.775 +0000, e5:1f:09:7d:e3:c7, -56, 36.80, 24.87, 4.135, 7
Fri 04 Nov 2022 22:49:33.595 +0000, e5:1f:09:7d:e3:c7, -45, 36.80, 24.87, 4.135, 7
Fri 04 Nov 2022 22:49:33.704 +0000, e5:1f:09:7d:e3:c7, -52, 36.80, 24.87, 4.135, 7
Fri 04 Nov 2022 22:49:42.339 +0000, e5:1f:09:7d:e3:c7, -44, 38.46, 24.84, 4.141, 8
Fri 04 Nov 2022 22:49:43.072 +0000, e5:1f:09:7d:e3:c7, -56, 38.46, 24.84, 4.141, 8
Fri 04 Nov 2022 22:49:52.128 +0000, e5:1f:09:7d:e3:c7, -59, 36.92, 24.87, 4.148, 9
Fri 04 Nov 2022 22:49:53.591 +0000, e5:1f:09:7d:e3:c7, -45, 36.92, 24.87, 4.148, 9
Fri 04 Nov 2022 22:49:53.801 +0000, e5:1f:09:7d:e3:c7, -47, 36.92, 24.87, 4.148, 9
Fri 04 Nov 2022 22:49:53.909 +0000, e5:1f:09:7d:e3:c7, -48, 36.92, 24.87, 4.148, 9
Fri 04 Nov 2022 22:50:02.739 +0000, e5:1f:09:7d:e3:c7, -44, 36.37, 24.93, 4.153, 10
Fri 04 Nov 2022 22:50:03.155 +0000, e5:1f:09:7d:e3:c7, -47, 36.37, 24.93, 4.153, 10
Fri 04 Nov 2022 22:50:03.372 +0000, e5:1f:09:7d:e3:c7, -49, 36.37, 24.93, 4.153, 10
Fri 04 Nov 2022 22:50:03.481 +0000, e5:1f:09:7d:e3:c7, -47, 36.37, 24.93, 4.153, 10
Fri 04 Nov 2022 22:50:03.592 +0000, e5:1f:09:7d:e3:c7, -80, 36.37, 24.93, 4.153, 10
Fri 04 Nov 2022 22:50:03.699 +0000, e5:1f:09:7d:e3:c7, -49, 36.37, 24.93, 4.153, 10
Fri 04 Nov 2022 22:50:03.901 +0000, e5:1f:09:7d:e3:c7, -48, 36.37, 24.93, 4.153, 10
Fri 04 Nov 2022 22:50:04.113 +0000, e5:1f:09:7d:e3:c7, -46, 36.37, 24.93, 4.153, 10
Fri 04 Nov 2022 22:50:12.313 +0000, e5:1f:09:7d:e3:c7, -49, 37.10, 24.94, 4.149, 11
Fri 04 Nov 2022 22:50:12.526 +0000, e5:1f:09:7d:e3:c7, -63, 37.10, 24.94, 4.149, 11
Fri 04 Nov 2022 22:50:12.728 +0000, e5:1f:09:7d:e3:c7, -49, 37.10, 24.94, 4.149, 11
Fri 04 Nov 2022 22:50:12.939 +0000, e5:1f:09:7d:e3:c7, -46, 37.10, 24.94, 4.149, 11
Fri 04 Nov 2022 22:50:13.261 +0000, e5:1f:09:7d:e3:c7, -45, 37.10, 24.94, 4.149, 11
Fri 04 Nov 2022 22:50:13.470 +0000, e5:1f:09:7d:e3:c7, -47, 37.10, 24.94, 4.149, 11
Fri 04 Nov 2022 22:50:13.995 +0000, e5:1f:09:7d:e3:c7, -65, 37.10, 24.94, 4.149, 11
Fri 04 Nov 2022 22:50:14.101 +0000, e5:1f:09:7d:e3:c7, -47, 37.10, 24.94, 4.149, 11
Fri 04 Nov 2022 22:50:23.129 +0000, e5:1f:09:7d:e3:c7, -44, 36.42, 24.96, 4.141, 12
Fri 04 Nov 2022 22:50:23.553 +0000, e5:1f:09:7d:e3:c7, -43, 36.42, 24.96, 4.141, 12
Fri 04 Nov 2022 22:50:23.767 +0000, e5:1f:09:7d:e3:c7, -46, 36.42, 24.96, 4.141, 12
Fri 04 Nov 2022 22:50:32.499 +0000, e5:1f:09:7d:e3:c7, -48, 36.23, 24.98, 4.134, 13
Fri 04 Nov 2022 22:50:32.601 +0000, e5:1f:09:7d:e3:c7, -58, 36.23, 24.98, 4.134, 13
Fri 04 Nov 2022 22:50:32.701 +0000, e5:1f:09:7d:e3:c7, -45, 36.23, 24.98, 4.134, 13
Fri 04 Nov 2022 22:50:32.906 +0000, e5:1f:09:7d:e3:c7, -42, 36.23, 24.98, 4.134, 13
Fri 04 Nov 2022 22:50:33.218 +0000, e5:1f:09:7d:e3:c7, -48, 36.23, 24.98, 4.134, 13
Fri 04 Nov 2022 22:50:33.327 +0000, e5:1f:09:7d:e3:c7, -40, 36.23, 24.98, 4.134, 13
Fri 04 Nov 2022 22:50:33.539 +0000, e5:1f:09:7d:e3:c7, -44, 36.23, 24.98, 4.134, 13
Fri 04 Nov 2022 22:50:33.640 +0000, e5:1f:09:7d:e3:c7, -45, 36.23, 24.98, 4.134, 13
Fri 04 Nov 2022 22:50:33.749 +0000, e5:1f:09:7d:e3:c7, -40, 36.23, 24.98, 4.134, 13
Fri 04 Nov 2022 22:50:33.957 +0000, e5:1f:09:7d:e3:c7, -44, 36.23, 24.98, 4.134, 13
Fri 04 Nov 2022 22:50:34.171 +0000, e5:1f:09:7d:e3:c7, -42, 36.23, 24.98, 4.134, 13
Fri 04 Nov 2022 22:50:42.807 +0000, e5:1f:09:7d:e3:c7, -42, 36.38, 25.01, 4.143, 14
Fri 04 Nov 2022 22:50:42.922 +0000, e5:1f:09:7d:e3:c7, -47, 36.38, 25.01, 4.143, 14
Fri 04 Nov 2022 22:50:44.186 +0000, e5:1f:09:7d:e3:c7, -69, 36.38, 25.01, 4.143, 14
Fri 04 Nov 2022 22:50:44.499 +0000, e5:1f:09:7d:e3:c7, -39, 36.38, 25.01, 4.143, 14
Fri 04 Nov 2022 22:50:52.700 +0000, e5:1f:09:7d:e3:c7, -64, 36.52, 25.04, 4.151, 15
Fri 04 Nov 2022 22:50:53.111 +0000, e5:1f:09:7d:e3:c7, -45, 36.52, 25.04, 4.151, 15
Fri 04 Nov 2022 22:50:53.427 +0000, e5:1f:09:7d:e3:c7, -44, 36.52, 25.04, 4.151, 15
Fri 04 Nov 2022 22:50:53.638 +0000, e5:1f:09:7d:e3:c7, -42, 36.52, 25.04, 4.151, 15
Fri 04 Nov 2022 22:50:53.948 +0000, e5:1f:09:7d:e3:c7, -47, 36.52, 25.04, 4.151, 15
Fri 04 Nov 2022 22:50:54.571 +0000, e5:1f:09:7d:e3:c7, -42, 36.52, 25.04, 4.151, 15
Fri 04 Nov 2022 22:51:02.789 +0000, e5:1f:09:7d:e3:c7, -42, 36.39, 25.07, 4.137, 16
Fri 04 Nov 2022 22:51:04.364 +0000, e5:1f:09:7d:e3:c7, -46, 36.39, 25.07, 4.137, 16
Fri 04 Nov 2022 22:51:04.467 +0000, e5:1f:09:7d:e3:c7, -38, 36.39, 25.07, 4.137, 16
Fri 04 Nov 2022 22:51:04.569 +0000, e5:1f:09:7d:e3:c7, -47, 36.39, 25.07, 4.137, 16
Fri 04 Nov 2022 22:51:12.884 +0000, e5:1f:09:7d:e3:c7, -45, 36.58, 25.07, 4.137, 17
Fri 04 Nov 2022 22:51:13.190 +0000, e5:1f:09:7d:e3:c7, -61, 36.58, 25.07, 4.137, 17
Fri 04 Nov 2022 22:51:13.514 +0000, e5:1f:09:7d:e3:c7, -45, 36.58, 25.07, 4.137, 17
Fri 04 Nov 2022 22:51:13.819 +0000, e5:1f:09:7d:e3:c7, -70, 36.58, 25.07, 4.137, 17
Fri 04 Nov 2022 22:51:14.031 +0000, e5:1f:09:7d:e3:c7, -71, 36.58, 25.07, 4.137, 17
Fri 04 Nov 2022 22:51:14.133 +0000, e5:1f:09:7d:e3:c7, -46, 36.58, 25.07, 4.137, 17
Fri 04 Nov 2022 22:51:23.083 +0000, e5:1f:09:7d:e3:c7, -45, 36.39, 25.10, 4.150, 18
Fri 04 Nov 2022 22:51:23.810 +0000, e5:1f:09:7d:e3:c7, -56, 36.39, 25.10, 4.150, 18
Fri 04 Nov 2022 22:51:24.028 +0000, e5:1f:09:7d:e3:c7, -44, 36.39, 25.10, 4.150, 18
Fri 04 Nov 2022 22:51:24.347 +0000, e5:1f:09:7d:e3:c7, -56, 36.39, 25.10, 4.150, 18
Fri 04 Nov 2022 22:51:24.662 +0000, e5:1f:09:7d:e3:c7, -39, 36.39, 25.10, 4.150, 18
Fri 04 Nov 2022 22:51:24.764 +0000, e5:1f:09:7d:e3:c7, -45, 36.39, 25.10, 4.150, 18
Fri 04 Nov 2022 22:51:24.879 +0000, e5:1f:09:7d:e3:c7, -42, 36.39, 25.10, 4.150, 18
Fri 04 Nov 2022 22:51:33.080 +0000, e5:1f:09:7d:e3:c7, -55, 37.07, 25.13, 4.131, 19
Fri 04 Nov 2022 22:51:33.187 +0000, e5:1f:09:7d:e3:c7, -43, 37.07, 25.13, 4.131, 19
Fri 04 Nov 2022 22:51:33.392 +0000, e5:1f:09:7d:e3:c7, -38, 37.07, 25.13, 4.131, 19
Fri 04 Nov 2022 22:51:33.602 +0000, e5:1f:09:7d:e3:c7, -38, 37.07, 25.13, 4.131, 19
Fri 04 Nov 2022 22:51:34.555 +0000, e5:1f:09:7d:e3:c7, -57, 37.07, 25.13, 4.131, 19
Fri 04 Nov 2022 22:51:34.758 +0000, e5:1f:09:7d:e3:c7, -59, 37.07, 25.13, 4.131, 19
Fri 04 Nov 2022 22:51:34.864 +0000, e5:1f:09:7d:e3:c7, -37, 37.07, 25.13, 4.131, 19
Fri 04 Nov 2022 22:51:43.172 +0000, e5:1f:09:7d:e3:c7, -39, 36.50, 25.13, 4.150, 20
Fri 04 Nov 2022 22:51:43.587 +0000, e5:1f:09:7d:e3:c7, -42, 36.50, 25.13, 4.150, 20
Fri 04 Nov 2022 22:51:43.907 +0000, e5:1f:09:7d:e3:c7, -51, 36.50, 25.13, 4.150, 20
Fri 04 Nov 2022 22:51:44.334 +0000, e5:1f:09:7d:e3:c7, -54, 36.50, 25.13, 4.150, 20
Fri 04 Nov 2022 22:51:44.850 +0000, e5:1f:09:7d:e3:c7, -44, 36.50, 25.13, 4.150, 20
Fri 04 Nov 2022 22:51:53.273 +0000, e5:1f:09:7d:e3:c7, -55, 36.21, 25.15, 4.138, 21
Fri 04 Nov 2022 22:51:53.593 +0000, e5:1f:09:7d:e3:c7, -46, 36.21, 25.15, 4.138, 21
Fri 04 Nov 2022 22:51:53.701 +0000, e5:1f:09:7d:e3:c7, -44, 36.21, 25.15, 4.138, 21
Fri 04 Nov 2022 22:51:54.215 +0000, e5:1f:09:7d:e3:c7, -43, 36.21, 25.15, 4.138, 21
Fri 04 Nov 2022 22:51:54.325 +0000, e5:1f:09:7d:e3:c7, -58, 36.21, 25.15, 4.138, 21
Fri 04 Nov 2022 22:52:03.364 +0000, e5:1f:09:7d:e3:c7, -44, 35.91, 25.15, 4.147, 22
Fri 04 Nov 2022 22:52:04.413 +0000, e5:1f:09:7d:e3:c7, -42, 35.91, 25.15, 4.147, 22
Fri 04 Nov 2022 22:52:04.934 +0000, e5:1f:09:7d:e3:c7, -48, 35.91, 25.15, 4.147, 22
Fri 04 Nov 2022 22:52:13.773 +0000, e5:1f:09:7d:e3:c7, -47, 35.90, 25.18, 4.145, 23
Fri 04 Nov 2022 22:52:13.881 +0000, e5:1f:09:7d:e3:c7, -61, 35.90, 25.18, 4.145, 23
Fri 04 Nov 2022 22:52:13.987 +0000, e5:1f:09:7d:e3:c7, -46, 35.90, 25.18, 4.145, 23
Fri 04 Nov 2022 22:52:14.089 +0000, e5:1f:09:7d:e3:c7, -38, 35.90, 25.18, 4.145, 23
Fri 04 Nov 2022 22:52:14.708 +0000, e5:1f:09:7d:e3:c7, -41, 35.90, 25.18, 4.145, 23
Fri 04 Nov 2022 22:52:14.919 +0000, e5:1f:09:7d:e3:c7, -33, 35.90, 25.18, 4.145, 23
Fri 04 Nov 2022 22:52:15.129 +0000, e5:1f:09:7d:e3:c7, -33, 35.90, 25.18, 4.145, 23
Fri 04 Nov 2022 22:52:15.230 +0000, e5:1f:09:7d:e3:c7, -40, 35.90, 25.18, 4.145, 23
Fri 04 Nov 2022 22:52:23.866 +0000, e5:1f:09:7d:e3:c7, -37, 36.85, 25.18, 4.135, 24
Fri 04 Nov 2022 22:52:23.971 +0000, e5:1f:09:7d:e3:c7, -36, 36.85, 25.18, 4.135, 24
Fri 04 Nov 2022 22:52:24.285 +0000, e5:1f:09:7d:e3:c7, -36, 36.85, 25.18, 4.135, 24
Fri 04 Nov 2022 22:52:24.388 +0000, e5:1f:09:7d:e3:c7, -36, 36.85, 25.18, 4.135, 24
Fri 04 Nov 2022 22:52:24.802 +0000, e5:1f:09:7d:e3:c7, -45, 36.85, 25.18, 4.135, 24
Fri 04 Nov 2022 22:52:25.116 +0000, e5:1f:09:7d:e3:c7, -43, 36.85, 25.18, 4.135, 24
Fri 04 Nov 2022 22:52:25.430 +0000, e5:1f:09:7d:e3:c7, -46, 36.85, 25.18, 4.135, 24
Fri 04 Nov 2022 22:52:34.173 +0000, e5:1f:09:7d:e3:c7, -33, 35.80, 25.22, 4.154, 25
Fri 04 Nov 2022 22:52:34.283 +0000, e5:1f:09:7d:e3:c7, -39, 35.80, 25.22, 4.154, 25
Fri 04 Nov 2022 22:52:34.602 +0000, e5:1f:09:7d:e3:c7, -34, 35.80, 25.22, 4.154, 25
Fri 04 Nov 2022 22:52:35.021 +0000, e5:1f:09:7d:e3:c7, -32, 35.80, 25.22, 4.154, 25
Fri 04 Nov 2022 22:52:35.227 +0000, e5:1f:09:7d:e3:c7, -36, 35.80, 25.22, 4.154, 25
Fri 04 Nov 2022 22:52:35.433 +0000, e5:1f:09:7d:e3:c7, -31, 35.80, 25.22, 4.154, 25
Fri 04 Nov 2022 22:52:44.170 +0000, e5:1f:09:7d:e3:c7, -38, 35.96, 25.22, 4.151, 26
Fri 04 Nov 2022 22:52:44.275 +0000, e5:1f:09:7d:e3:c7, -40, 35.96, 25.22, 4.151, 26
Fri 04 Nov 2022 22:52:44.883 +0000, e5:1f:09:7d:e3:c7, -34, 35.96, 25.22, 4.151, 26
Fri 04 Nov 2022 22:52:44.984 +0000, e5:1f:09:7d:e3:c7, -38, 35.96, 25.22, 4.151, 26
Fri 04 Nov 2022 22:52:45.086 +0000, e5:1f:09:7d:e3:c7, -36, 35.96, 25.22, 4.151, 26
Fri 04 Nov 2022 22:52:45.610 +0000, e5:1f:09:7d:e3:c7, -37, 35.96, 25.22, 4.151, 26
Fri 04 Nov 2022 22:52:53.952 +0000, e5:1f:09:7d:e3:c7, -32, 36.40, 25.24, 4.135, 27
Fri 04 Nov 2022 22:52:54.058 +0000, e5:1f:09:7d:e3:c7, -34, 36.40, 25.24, 4.135, 27
Fri 04 Nov 2022 22:52:54.164 +0000, e5:1f:09:7d:e3:c7, -33, 36.40, 25.24, 4.135, 27
Fri 04 Nov 2022 22:52:54.573 +0000, e5:1f:09:7d:e3:c7, -33, 36.40, 25.24, 4.135, 27
Fri 04 Nov 2022 22:52:54.684 +0000, e5:1f:09:7d:e3:c7, -35, 36.40, 25.24, 4.135, 27
Fri 04 Nov 2022 22:52:54.895 +0000, e5:1f:09:7d:e3:c7, -36, 36.40, 25.24, 4.135, 27
Fri 04 Nov 2022 22:52:55.411 +0000, e5:1f:09:7d:e3:c7, -38, 36.40, 25.24, 4.135, 27
Fri 04 Nov 2022 22:53:04.791 +0000, e5:1f:09:7d:e3:c7, -40, 36.84, 25.22, 4.132, 28
Fri 04 Nov 2022 22:53:05.201 +0000, e5:1f:09:7d:e3:c7, -36, 36.84, 25.22, 4.132, 28
Fri 04 Nov 2022 22:53:05.522 +0000, e5:1f:09:7d:e3:c7, -33, 36.84, 25.22, 4.132, 28
Fri 04 Nov 2022 22:53:05.731 +0000, e5:1f:09:7d:e3:c7, -33, 36.84, 25.22, 4.132, 28
Fri 04 Nov 2022 22:53:14.034 +0000, e5:1f:09:7d:e3:c7, -40, 35.92, 25.25, 4.154, 29
Fri 04 Nov 2022 22:53:14.235 +0000, e5:1f:09:7d:e3:c7, -33, 35.92, 25.25, 4.154, 29
Fri 04 Nov 2022 22:53:14.550 +0000, e5:1f:09:7d:e3:c7, -33, 35.92, 25.25, 4.154, 29
Fri 04 Nov 2022 22:53:14.764 +0000, e5:1f:09:7d:e3:c7, -38, 35.92, 25.25, 4.154, 29
Fri 04 Nov 2022 22:53:14.869 +0000, e5:1f:09:7d:e3:c7, -37, 35.92, 25.25, 4.154, 29
Fri 04 Nov 2022 22:53:15.389 +0000, e5:1f:09:7d:e3:c7, -33, 35.92, 25.25, 4.154, 29
Fri 04 Nov 2022 22:53:15.700 +0000, e5:1f:09:7d:e3:c7, -37, 35.92, 25.25, 4.154, 29
Fri 04 Nov 2022 22:53:15.902 +0000, e5:1f:09:7d:e3:c7, -34, 35.92, 25.25, 4.154, 29
Fri 04 Nov 2022 22:53:24.350 +0000, e5:1f:09:7d:e3:c7, -40, 35.97, 25.26, 4.131, 30
Fri 04 Nov 2022 22:53:34.335 +0000, e5:1f:09:7d:e3:c7, -37, 36.00, 25.28, 4.141, 31
Fri 04 Nov 2022 22:53:34.950 +0000, e5:1f:09:7d:e3:c7, -33, 36.00, 25.28, 4.141, 31
Fri 04 Nov 2022 22:53:35.058 +0000, e5:1f:09:7d:e3:c7, -33, 36.00, 25.28, 4.141, 31
Fri 04 Nov 2022 22:53:35.157 +0000, e5:1f:09:7d:e3:c7, -36, 36.00, 25.28, 4.141, 31
Fri 04 Nov 2022 22:53:35.262 +0000, e5:1f:09:7d:e3:c7, -33, 36.00, 25.28, 4.141, 31
Fri 04 Nov 2022 22:53:35.687 +0000, e5:1f:09:7d:e3:c7, -37, 36.00, 25.28, 4.141, 31
Fri 04 Nov 2022 22:53:35.795 +0000, e5:1f:09:7d:e3:c7, -37, 36.00, 25.28, 4.141, 31
Fri 04 Nov 2022 22:53:44.329 +0000, e5:1f:09:7d:e3:c7, -42, 36.15, 25.25, 4.138, 32
Fri 04 Nov 2022 22:53:44.431 +0000, e5:1f:09:7d:e3:c7, -38, 36.15, 25.25, 4.138, 32
Fri 04 Nov 2022 22:53:44.538 +0000, e5:1f:09:7d:e3:c7, -37, 36.15, 25.25, 4.138, 32
Fri 04 Nov 2022 22:53:45.160 +0000, e5:1f:09:7d:e3:c7, -37, 36.15, 25.25, 4.138, 32
Fri 04 Nov 2022 22:53:46.013 +0000, e5:1f:09:7d:e3:c7, -40, 36.15, 25.25, 4.138, 32
Fri 04 Nov 2022 22:53:54.423 +0000, e5:1f:09:7d:e3:c7, -38, 35.93, 25.22, 4.137, 33
Fri 04 Nov 2022 22:53:54.632 +0000, e5:1f:09:7d:e3:c7, -33, 35.93, 25.22, 4.137, 33
Fri 04 Nov 2022 22:53:54.854 +0000, e5:1f:09:7d:e3:c7, -37, 35.93, 25.22, 4.137, 33
Fri 04 Nov 2022 22:53:54.953 +0000, e5:1f:09:7d:e3:c7, -34, 35.93, 25.22, 4.137, 33
Fri 04 Nov 2022 22:53:55.162 +0000, e5:1f:09:7d:e3:c7, -34, 35.93, 25.22, 4.137, 33
Fri 04 Nov 2022 22:53:55.365 +0000, e5:1f:09:7d:e3:c7, -32, 35.93, 25.22, 4.137, 33
Fri 04 Nov 2022 22:53:56.000 +0000, e5:1f:09:7d:e3:c7, -35, 35.93, 25.22, 4.137, 33
Fri 04 Nov 2022 22:53:56.316 +0000, e5:1f:09:7d:e3:c7, -39, 35.93, 25.22, 4.137, 33
Fri 04 Nov 2022 22:54:04.727 +0000, e5:1f:09:7d:e3:c7, -37, 35.81, 25.22, 4.151, 34
Fri 04 Nov 2022 22:54:04.942 +0000, e5:1f:09:7d:e3:c7, -36, 35.81, 25.22, 4.151, 34
Fri 04 Nov 2022 22:54:05.045 +0000, e5:1f:09:7d:e3:c7, -37, 35.81, 25.22, 4.151, 34
Fri 04 Nov 2022 22:54:05.351 +0000, e5:1f:09:7d:e3:c7, -33, 35.81, 25.22, 4.151, 34
Fri 04 Nov 2022 22:54:05.984 +0000, e5:1f:09:7d:e3:c7, -38, 35.81, 25.22, 4.151, 34
Fri 04 Nov 2022 22:54:06.090 +0000, e5:1f:09:7d:e3:c7, -38, 35.81, 25.22, 4.151, 34
Fri 04 Nov 2022 22:54:06.305 +0000, e5:1f:09:7d:e3:c7, -38, 35.81, 25.22, 4.151, 34
Fri 04 Nov 2022 22:54:14.715 +0000, e5:1f:09:7d:e3:c7, -33, 36.85, 25.25, 4.135, 35
Fri 04 Nov 2022 22:54:14.916 +0000, e5:1f:09:7d:e3:c7, -39, 36.85, 25.25, 4.135, 35
Fri 04 Nov 2022 22:54:15.437 +0000, e5:1f:09:7d:e3:c7, -38, 36.85, 25.25, 4.135, 35
Fri 04 Nov 2022 22:54:15.544 +0000, e5:1f:09:7d:e3:c7, -38, 36.85, 25.25, 4.135, 35
Fri 04 Nov 2022 22:54:15.645 +0000, e5:1f:09:7d:e3:c7, -34, 36.85, 25.25, 4.135, 35
Fri 04 Nov 2022 22:54:15.753 +0000, e5:1f:09:7d:e3:c7, -40, 36.85, 25.25, 4.135, 35
Fri 04 Nov 2022 22:54:16.482 +0000, e5:1f:09:7d:e3:c7, -34, 36.85, 25.25, 4.135, 35
Fri 04 Nov 2022 22:54:16.594 +0000, e5:1f:09:7d:e3:c7, -34, 36.85, 25.25, 4.135, 35
Fri 04 Nov 2022 22:54:25.845 +0000, e5:1f:09:7d:e3:c7, -33, 36.65, 25.21, 4.154, 36
Fri 04 Nov 2022 22:54:26.057 +0000, e5:1f:09:7d:e3:c7, -37, 36.65, 25.21, 4.154, 36
Fri 04 Nov 2022 22:54:26.370 +0000, e5:1f:09:7d:e3:c7, -33, 36.65, 25.21, 4.154, 36
Fri 04 Nov 2022 22:54:34.808 +0000, e5:1f:09:7d:e3:c7, -32, 35.50, 25.18, 4.141, 37
Fri 04 Nov 2022 22:54:35.861 +0000, e5:1f:09:7d:e3:c7, -33, 35.50, 25.18, 4.141, 37
Fri 04 Nov 2022 22:54:36.171 +0000, e5:1f:09:7d:e3:c7, -37, 35.50, 25.18, 4.141, 37
Fri 04 Nov 2022 22:54:36.275 +0000, e5:1f:09:7d:e3:c7, -38, 35.50, 25.18, 4.141, 37
Fri 04 Nov 2022 22:54:36.503 +0000, e5:1f:09:7d:e3:c7, -33, 35.50, 25.18, 4.141, 37
Fri 04 Nov 2022 22:54:45.001 +0000, e5:1f:09:7d:e3:c7, -37, 35.12, 25.18, 4.132, 38
Fri 04 Nov 2022 22:54:45.112 +0000, e5:1f:09:7d:e3:c7, -41, 35.12, 25.18, 4.132, 38
Fri 04 Nov 2022 22:54:45.217 +0000, e5:1f:09:7d:e3:c7, -37, 35.12, 25.18, 4.132, 38
Fri 04 Nov 2022 22:54:45.642 +0000, e5:1f:09:7d:e3:c7, -33, 35.12, 25.18, 4.132, 38
Fri 04 Nov 2022 22:54:45.963 +0000, e5:1f:09:7d:e3:c7, -37, 35.12, 25.18, 4.132, 38
Fri 04 Nov 2022 22:54:46.584 +0000, e5:1f:09:7d:e3:c7, -37, 35.12, 25.18, 4.132, 38
Fri 04 Nov 2022 22:54:54.992 +0000, e5:1f:09:7d:e3:c7, -34, 35.80, 25.15, 4.134, 39
Fri 04 Nov 2022 22:54:55.101 +0000, e5:1f:09:7d:e3:c7, -33, 35.80, 25.15, 4.134, 39
Fri 04 Nov 2022 22:54:55.726 +0000, e5:1f:09:7d:e3:c7, -37, 35.80, 25.15, 4.134, 39
Fri 04 Nov 2022 22:54:55.834 +0000, e5:1f:09:7d:e3:c7, -37, 35.80, 25.15, 4.134, 39
Fri 04 Nov 2022 22:54:56.047 +0000, e5:1f:09:7d:e3:c7, -33, 35.80, 25.15, 4.134, 39
Fri 04 Nov 2022 22:54:56.571 +0000, e5:1f:09:7d:e3:c7, -36, 35.80, 25.15, 4.134, 39
Fri 04 Nov 2022 22:55:05.299 +0000, e5:1f:09:7d:e3:c7, -34, 36.94, 25.17, 4.135, 40
Fri 04 Nov 2022 22:55:05.403 +0000, e5:1f:09:7d:e3:c7, -39, 36.94, 25.17, 4.135, 40
Fri 04 Nov 2022 22:55:05.718 +0000, e5:1f:09:7d:e3:c7, -34, 36.94, 25.17, 4.135, 40
Fri 04 Nov 2022 22:55:06.554 +0000, e5:1f:09:7d:e3:c7, -34, 36.94, 25.17, 4.135, 40
Fri 04 Nov 2022 22:55:06.757 +0000, e5:1f:09:7d:e3:c7, -39, 36.94, 25.17, 4.135, 40
